{
    "0": [
        70.10000000000001,
        220.5,
        293.1,
        589.2,
        846.5
    ],
    "1": [
        98.0,
        514.7,
        699.3000000000001,
        741.2
    ],
    "2": [
        253.3,
        406.40000000000003,
        658.3,
        811.4,
        994.2
    ],
    "3": [
        150.5,
        193.29999999999998,
        268.40000000000003,
        338.40000000000003,
        398.40000000000003,
        451.8,
        660.2,
        838.6999999999999,
        927.3,
        994.8
    ],
    "4": [
        91.4,
        178.1,
        415.90000000000003,
        602.5,
        904.3
    ],
    "5": [
        116.2,
        358.6,
        408.2,
        561.2,
        635.9,
        681.5,
        947.2
    ],
    "6": [
        198.20000000000002,
        430.20000000000005,
        620.2,
        820.9000000000001,
        893.7,
        961.8000000000001
    ],
    "7": [
        321.59999999999997,
        388.8,
        456.2,
        843.6999999999999
    ],
    "8": [
        278.3,
        371.0,
        552.9000000000001,
        659.7,
        755.1999999999999,
        877.4000000000001,
        951.2
    ],
    "9": [
        229.6,
        280.7,
        402.0,
        491.50000000000006,
        578.6999999999999,
        629.1999999999999,
        728.3000000000001
    ],
    "10": [
        159.10000000000002,
        452.70000000000005,
        494.4,
        947.3
    ],
    "11": [
        166.0,
        199.70000000000002,
        278.40000000000003,
        316.09999999999997,
        567.4,
        661.7,
        874.6,
        962.8000000000001
    ],
    "12": [
        511.50000000000006,
        584.2,
        904.5000000000001
    ],
    "13": [
        282.40000000000003,
        329.7,
        506.6,
        591.0000000000001,
        641.1,
        830.5
    ],
    "14": [
        52.50000000000001,
        113.2,
        276.0,
        335.1,
        405.3,
        477.3,
        596.0,
        638.6,
        693.4,
        746.8,
        955.4
    ],
    "15": [
        47.5,
        311.59999999999997,
        565.5,
        630.0,
        718.6,
        772.1,
        942.4,
        992.6
    ],
    "16": [
        193.60000000000002,
        725.1,
        786.1,
        974.8
    ],
    "17": [
        85.5,
        225.9,
        280.40000000000003,
        448.09999999999997,
        715.6,
        800.8000000000001,
        882.6
    ],
    "18": [
        122.1,
        415.90000000000003,
        740.4000000000001,
        905.0,
        958.1
    ],
    "19": [
        338.7,
        419.6,
        607.0,
        721.7,
        769.6,
        876.3000000000001,
        970.6999999999999
    ],
    "20": [
        151.2,
        344.40000000000003,
        468.5,
        626.1,
        711.6,
        752.5,
        799.5,
        886.7,
        926.5
    ],
    "21": [
        159.0,
        273.7,
        427.50000000000006,
        722.6,
        824.2,
        981.2
    ],
    "22": [
        165.9,
        265.3,
        421.6,
        498.20000000000005,
        545.1,
        693.8000000000001,
        746.7,
        830.2
    ],
    "23": [
        992.1
    ],
    "24": [
        115.7,
        281.7,
        338.7,
        374.8,
        419.4,
        744.9
    ],
    "25": [
        55.800000000000004,
        305.4,
        395.3,
        564.9000000000001,
        782.7
    ],
    "26": [
        73.4,
        497.70000000000005,
        537.5,
        991.6
    ],
    "27": [
        82.5,
        269.5,
        395.0,
        656.6,
        702.3000000000001,
        830.0,
        946.0
    ],
    "28": [
        227.9,
        540.7,
        595.7,
        924.0
    ],
    "29": [
        291.6,
        354.2,
        418.4,
        489.1,
        565.9000000000001,
        844.4
    ],
    "30": [
        84.2,
        154.2,
        452.0,
        515.1,
        552.4,
        833.2,
        912.9
    ],
    "31": [
        45.3,
        188.0,
        363.7,
        484.9,
        574.2,
        614.4000000000001,
        740.3000000000001
    ]
}