{
    "0": [
        80.7,
        280.0,
        572.2,
        885.0,
        951.6999999999999,
        981.0000000000001
    ],
    "1": [
        503.9,
        666.9000000000001,
        794.4,
        847.4,
        903.5000000000001
    ],
    "2": [
        194.70000000000002,
        289.3,
        406.1,
        500.09999999999997,
        573.6,
        714.2,
        839.1,
        904.0
    ],
    "3": [
        123.50000000000001,
        175.9,
        741.2
    ],
    "4": [
        95.7,
        248.7,
        329.7,
        531.3,
        584.5,
        637.5,
        722.9,
        816.2
    ],
    "5": [
        41.2,
        204.9,
        403.8,
        635.6,
        716.1,
        813.5
    ],
    "6": [
        164.3,
        442.20000000000005,
        534.1,
        568.5,
        634.9,
        732.6
    ],
    "7": [
        124.1,
        211.9,
        451.90000000000003,
        519.8000000000001,
        683.7,
        937.9000000000001
    ],
    "8": [
        63.0,
        148.00000000000003,
        256.3,
        365.8,
        437.0,
        791.4,
        911.5000000000001
    ],
    "9": [
        78.0,
        493.00000000000006,
        667.4,
        785.8000000000001,
        880.4000000000001,
        994.4000000000001
    ],
    "10": [
        279.3,
        374.3,
        469.8,
        610.2,
        765.7
    ],
    "11": [
        88.9,
        225.79999999999998,
        300.1,
        407.40000000000003,
        489.7,
        554.3,
        736.5,
        799.4,
        948.7
    ],
    "12": [
        240.0,
        293.50000000000006,
        539.8000000000001,
        665.5,
        804.7,
        854.3000000000001,
        918.1
    ],
    "13": [
        165.70000000000002,
        362.4,
        513.8000000000001,
        604.3000000000001,
        908.9,
        974.9000000000001
    ],
    "14": [
        88.7,
        197.3,
        329.0,
        535.4,
        723.2,
        812.5,
        882.8,
        926.8000000000001
    ],
    "15": [
        132.6,
        368.9,
        429.70000000000005,
        528.1,
        783.2,
        902.0,
        955.3000000000001
    ],
    "16": [
        118.9,
        212.3,
        676.2,
        733.5,
        881.7
    ],
    "17": [
        81.60000000000001,
        241.50000000000003,
        513.4000000000001,
        563.4,
        714.6,
        778.9,
        868.8
    ],
    "18": [
        60.1,
        126.3,
        181.6,
        257.8,
        307.70000000000005,
        365.4,
        409.5,
        449.0,
        633.3000000000001,
        741.9,
        914.3
    ],
    "19": [
        64.8,
        114.0,
        322.20000000000005,
        432.6,
        623.9,
        912.8000000000001
    ],
    "20": [
        356.9,
        433.3,
        462.7,
        598.1,
        649.6,
        729.5,
        801.4,
        846.7
    ],
    "21": [
        55.0,
        170.9,
        728.2,
        763.5,
        864.3000000000001,
        907.7
    ],
    "22": [
        301.2,
        427.6,
        524.6,
        602.0,
        638.5,
        830.6,
        890.1,
        935.6
    ],
    "23": [
        267.1,
        348.5,
        457.0,
        520.8000000000001,
        662.1
    ],
    "24": [
        142.9,
        213.4,
        313.70000000000005,
        503.50000000000006,
        590.7,
        972.1
    ],
    "25": [
        194.60000000000002,
        281.90000000000003,
        478.5,
        667.4
    ],
    "26": [
        252.9,
        355.2,
        695.2,
        745.2,
        950.3000000000001
    ],
    "27": [
        151.3,
        495.00000000000006,
        647.9,
        788.3,
        898.1999999999999,
        994.9
    ],
    "28": [
        64.30000000000001,
        116.2,
        260.5,
        675.1,
        859.6
    ],
    "29": [
        196.20000000000002,
        258.5,
        347.8,
        443.70000000000005,
        703.6,
        932.5
    ],
    "30": [
        440.70000000000005,
        557.2,
        677.3,
        843.4
    ],
    "31": [
        52.1,
        139.20000000000002,
        499.1,
        541.8000000000001,
        787.1,
        913.0
    ]
}